model,accuracy,f1_macro,auc
GNN (GCN 2-layer),0.7543847949316439,0.47022673865467124,0.7083159457259027
