model,accuracy_mean,accuracy_std,f1_macro_mean,f1_macro_std,roc_auc_mean,roc_auc_std
Logistic Regression,0.74864954984995,0.0025948751528301,0.4587601013900401,0.0033596484365201336,0.6734876417144042,0.010441593518958282
Random Forest,0.7458486162054017,0.004267047221886347,0.49944367875540063,0.008491383178928875,0.6650268546260552,0.009990753200111991
Gradient Boosting,0.749783261087029,0.0018696693256253882,0.47833111284232244,0.011079990781817898,0.6839692729841722,0.007466383797749423
