metric,value
agreement,0.5347782594198066
auc,0.5741052436438442
f1_macro,0.5056988712945202
snorkel_bias_rate,0.5074358119373125
distilbert_bias_rate,0.2500166722240747
